circuit_layers,Final_fidelity
39,0.9999436271559241
38,0.9999826094563248
37,0.9999917378903723
36,0.9999952736654388
35,0.9999971224517594
34,0.9999981770640752
33,0.999998805161882
32,0.9999991891347118
31,0.9999994279862294
30,0.9999995783430976
29,0.9999996738462796
28,0.9999997349357238
27,0.999999774264168
26,0.9999997997474415
25,0.9999998163863129
24,0.99999982735647
23,0.9999998346850013
22,0.999999839669621
21,0.9999998431434249
20,0.9999442182268202
19,6.535544905261759e-08
