Trotter_steps,circuit_layers,Final_fidelity
5,1,0.9401909272689191
5,2,0.9998871482230949
5,3,0.9999062168991948
5,4,0.9999053611681338
5,5,0.9999463770877209
5,6,0.9999007782957272
5,7,0.9999649812076784
5,8,0.9999649812076784
5,9,0.9999649812076784
5,10,0.9999649812076784
5,11,0.9999649812076784
5,12,0.9999649812076784
5,13,0.9999649812076784
5,14,0.9999649812076784
5,15,0.9999649812076784
5,16,0.9999649812076784
5,17,0.9999649812076784
5,18,0.9999649812076784
5,19,0.9999649812076784
